{
  "High Risk": {
    "precision": 0.7722772277227723,
    "recall": 0.7722772277227723,
    "f1-score": 0.7722772277227723,
    "support": 101.0
  },
  "Low Risk": {
    "precision": 0.8,
    "recall": 0.7819548872180451,
    "f1-score": 0.7908745247148289,
    "support": 133.0
  },
  "Medium Risk": {
    "precision": 0.627906976744186,
    "recall": 0.6428571428571429,
    "f1-score": 0.6352941176470588,
    "support": 126.0
  },
  "accuracy": 0.7305555555555555,
  "macro avg": {
    "precision": 0.7333947348223194,
    "recall": 0.7323630859326534,
    "f1-score": 0.73281529002822,
    "support": 360.0
  },
  "weighted avg": {
    "precision": 0.7319896640826874,
    "recall": 0.7305555555555555,
    "f1-score": 0.7312038072516712,
    "support": 360.0
  }
}