{
  "0": {
    "precision": 0.6714285714285714,
    "recall": 0.7642276422764228,
    "f1-score": 0.714828897338403,
    "support": 123.0
  },
  "1": {
    "precision": 0.81875,
    "recall": 0.7401129943502824,
    "f1-score": 0.7774480712166172,
    "support": 177.0
  },
  "accuracy": 0.75,
  "macro avg": {
    "precision": 0.7450892857142857,
    "recall": 0.7521703183133526,
    "f1-score": 0.7461384842775101,
    "support": 300.0
  },
  "weighted avg": {
    "precision": 0.7583482142857143,
    "recall": 0.75,
    "f1-score": 0.7517742099265494,
    "support": 300.0
  }
}