{
  "H": {
    "precision": 0.7741935483870968,
    "recall": 0.8275862068965517,
    "f1-score": 0.8,
    "support": 29.0
  },
  "L": {
    "precision": 0.7857142857142857,
    "recall": 0.88,
    "f1-score": 0.8301886792452831,
    "support": 25.0
  },
  "M": {
    "precision": 0.7837837837837838,
    "recall": 0.6904761904761905,
    "f1-score": 0.7341772151898734,
    "support": 42.0
  },
  "accuracy": 0.78125,
  "macro avg": {
    "precision": 0.7812305392950555,
    "recall": 0.7993541324575807,
    "f1-score": 0.7881219648117188,
    "support": 96.0
  },
  "weighted avg": {
    "precision": 0.7813894683854361,
    "recall": 0.78125,
    "f1-score": 0.7790641668656955,
    "support": 96.0
  }
}