{
  "H": {
    "precision": 0.75,
    "recall": 0.8275862068965517,
    "f1-score": 0.7868852459016393,
    "support": 29.0
  },
  "L": {
    "precision": 0.7419354838709677,
    "recall": 0.92,
    "f1-score": 0.8214285714285714,
    "support": 25.0
  },
  "M": {
    "precision": 0.7878787878787878,
    "recall": 0.6190476190476191,
    "f1-score": 0.6933333333333334,
    "support": 42.0
  },
  "accuracy": 0.7604166666666666,
  "macro avg": {
    "precision": 0.7599380905832519,
    "recall": 0.7888779419813904,
    "f1-score": 0.767215716887848,
    "support": 96.0
  },
  "weighted avg": {
    "precision": 0.7644718352883674,
    "recall": 0.7604166666666666,
    "f1-score": 0.7549519418423106,
    "support": 96.0
  }
}